original_glrlm_RunLengthNonUniformity,original_glszm_GrayLevelVariance,original_gldm_DependenceNonUniformity,original_gldm_SmallDependenceLowGrayLevelEmphasis,histopathology
2751.85748369567,4.28847894975102,1189.81246437393,0.0018688799427912,SQUAMOUS
1450.53227020535,5.8569376615915,533.691968225949,0.0038027263049233,SQUAMOUS
3880.76046993571,4.8696687165245,2520.73239019332,0.0012836859731389,OTHER
2151.88192652709,5.37889273356401,722.929048414023,0.0028800902032683,OTHER
480.485938711015,5.17333333333333,143.328738069989,0.0040208469237862,OTHER
2034.92777590894,4.0964,1040.31917591125,0.0018597880433117,SQUAMOUS
1428.98692642567,4.38406658739596,611.556499728801,0.0031770398924488,SQUAMOUS
1518.33747399461,5.04972222222222,548.464861379755,0.0039479191117458,SQUAMOUS
349.802835557752,5.85431841831426,109.11320754717,0.0084448299661021,SQUAMOUS
1236.71436133538,6.47160627366144,411.623928438315,0.0038490977475378,OTHER
1181.63955602091,5.98096371207615,417.5152368758,0.0028560678325571,SQUAMOUS
2656.23751641612,5.18094577407793,879.129177281583,0.0036781899785186,OTHER
1402.99182526206,6.04891158290782,464.911035488576,0.0029082250733368,SQUAMOUS
18039.4241722639,4.9119170984456,9325.76200095195,0.0012193187361802,SQUAMOUS
825.21663055021,7.32142857142857,341.686993438827,0.0028739356992425,OTHER
1207.7044773811,5.29208804283165,417.188703465982,0.0041225546731921,SQUAMOUS
6278.88917446598,5.36273193359375,2479.09730787224,0.0029763699431257,OTHER
212.056341551056,4.89603024574669,82.0156739811912,0.0018441718367873,SQUAMOUS
1914.73966202737,4.32372175980975,677.496379726468,0.0025484769219856,SQUAMOUS
316.70406924535,5.61,85.7488584474886,0.0041968691062034,OTHER
772.630527545169,4.75413223140496,273.13228894691,0.002287640362113,SQUAMOUS
459.974747403466,4.93112947658402,178.352020860495,0.0028948444119247,OTHER
345.904001580246,5.4976,95.5409153952843,0.0045510568400937,SQUAMOUS
1419.15862268216,4.49793388429752,578.766040688576,0.0037086172999725,SQUAMOUS
340.568787134672,5.50382653061224,100.587431693989,0.0020917469887157,SQUAMOUS
328.755897694849,5.6937618147448,104.416267942584,0.005032977407079,SQUAMOUS
2205.43387154624,8.09994051160024,832.117065127782,0.0029407166583727,OTHER
4490.9004547176,4.39356506750934,2002.91174160613,0.0013430159091403,SQUAMOUS
883.034820832765,7.76557093425606,275.54347826087,0.0064290728022736,OTHER
3835.67280840229,4.47483459357278,2564.2803821373,0.000588543980819748,OTHER
190.436590600718,5.18181818181818,65.662447257384,0.0042946087794171,SQUAMOUS
3516.0065489207,5.81919379321977,1217.80304610891,0.0043107765473909,SQUAMOUS
4708.60801985889,5.87179487179487,1717.4792941328,0.0023604615074155,SQUAMOUS
3311.47440641081,3.81765742669444,1737.97602942922,0.0018957283111053,SQUAMOUS
886.414609018603,3.91162570888469,268.807228915663,0.0025340916820712,SQUAMOUS
468.966428127433,5.70927684441198,159.579185520362,0.0054878415799982,SQUAMOUS
4094.35329514153,5.12509695290859,1599.77950310559,0.0036116512607359,OTHER
7123.13436145501,3.96831597222222,3466.49586022777,0.001523361798553,SQUAMOUS
1395.76493160241,6.72979591836735,505.728761514841,0.0061262379064442,SQUAMOUS
637.640029469642,5.83350676378772,234.956418758882,0.0023702807716087,OTHER
221.18751075407,6.06094182825485,67.4119241192412,0.0108440934818814,SQUAMOUS
913.494460451105,7.16709183673469,292.866721177433,0.0059316749296675,OTHER
8308.31419833901,4.9005968778696,3328.16189937418,0.003281777049143,SQUAMOUS
6178.76753364892,5.14258233302555,2227.3314659197,0.0017632332161028,SQUAMOUS
698.751452156597,4.7590027700831,230.185150812065,0.0021698609152037,SQUAMOUS
7590.71379988198,3.96194571787902,3010.22839325018,0.0025374248800902,SQUAMOUS
11019.9078948474,4.50443672839506,8631.71828580556,0.0016087463719334,SQUAMOUS
852.521759092108,4.9504,261.480278422274,0.0059031318213814,OTHER
194.119248952335,6.31292517006803,53.9900497512438,0.0075937559908824,SQUAMOUS
2760.96116778997,4.67924528301887,1537.85610953242,0.0014788345232156,SQUAMOUS
340.425472835271,5.09061224489796,136.133265513733,0.0047846562695184,SQUAMOUS
64.6958485435714,8.22222222222222,17.0338983050847,0.0133045117400741,OTHER
630.360638915013,5.5683950617284,158.014981273408,0.0028764819782835,SQUAMOUS
1813.15437778637,9.00591715976331,467.818852924475,0.0062662184282465,SQUAMOUS
1190.09708189596,6.55859375,408.611194402799,0.0027037708601142,SQUAMOUS
362.841600839966,6.8096,197.137085137085,0.0019263273691009,OTHER
1778.49676464461,5.96598639455782,827.639376218324,0.0021378741455088,SQUAMOUS
1743.30792471214,6.16326530612245,576.321658615137,0.0031120068963059,SQUAMOUS
7627.92286897901,3.45404123091316,3180.68946268963,0.0019794049160486,SQUAMOUS
3276.91424533794,4.109375,1799.37650913062,0.001448346671321,SQUAMOUS
185.736834976849,6.19834710743802,59.910536779324,0.0050545860480473,SQUAMOUS
8923.17498968212,5.99695600475624,3972.29020619848,0.0019177172966044,SQUAMOUS
183.938867935701,6.89,39.3183183183183,0.0109523836697288,SQUAMOUS
1829.43207229525,7.30642060745867,720.795608566007,0.003210741568196,SQUAMOUS
14929.4725560356,5.72048389668367,8536.54584145908,0.0016016494860414,SQUAMOUS
1710.2574274835,4.48595041322314,584.183427348765,0.0024925495547145,SQUAMOUS
353.992008985938,5.16,159.28223495702,0.0019817363929822,SQUAMOUS
327.356417858115,5.46776406035665,96.7866184448463,0.0033115393512116,SQUAMOUS
664.459491501642,6.21982167352538,189.80352303523,0.0065221477290322,OTHER
3231.03442097789,4.73112051681889,1182.70550664595,0.003225882034577,SQUAMOUS
2407.73682911286,6.43388318009735,573.68401826484,0.0035493411651699,SQUAMOUS
5910.62308746244,4.4875283446712,2291.20681521419,0.0014460647471986,SQUAMOUS
2391.6187437165,4.53854875283447,988.614364511208,0.0032687741884468,OTHER
1263.45412656981,7.76694411414982,704.633218873204,0.0022246637237784,SQUAMOUS
351.839248851787,4.96076099881094,106.85,0.0037049429526482,SQUAMOUS
3981.03888994939,6.25692520775623,1735.26490390501,0.0025902274872222,SQUAMOUS
178.357047034726,6.53514739229025,56.8266978922717,0.0057027150363835,SQUAMOUS
235.26846908263,4.77764565992866,59.9457013574661,0.0035114009574426,SQUAMOUS
2568.65758808327,4.82662869348523,1224.94742999766,0.0023101060036267,OTHER
3562.45135002583,4.5757375812989,1259.06334030475,0.0030271862757196,SQUAMOUS
262.84227910624,4.8256,67.6569646569647,0.0045522829578518,SQUAMOUS
3338.68277237459,6.34467455621302,1224.40023752969,0.0031673137516395,OTHER
352.75086804579,5.06238185255198,108.908943089431,0.0035140197678707,OTHER
1160.30916262173,7.79238754325259,648.931186590207,0.0037113670775479,SQUAMOUS
2313.23959252417,5.79918367346939,562.878670894802,0.0048193959074205,OTHER
1274.26906083331,5.126041386724,484.880080280983,0.0020967009243591,SQUAMOUS
1438.06469399747,4.44378346222487,716.656747627473,0.0015132287920967,SQUAMOUS
792.544444062572,5.35018903591682,325.047473200613,0.0034381204246765,OTHER
627.346354231844,5.54766600920447,173.662835249042,0.0070460026909242,OTHER
783.188965083683,6.2475,275.956087824351,0.0038847894703398,SQUAMOUS
9020.85495604297,4.6268688071146,3415.31172744393,0.0022616879501587,SQUAMOUS
1787.48296119278,3.68281807372176,797.4138731679,0.0021616400709404,SQUAMOUS
175.578957312714,7.66863905325444,55.9745958429561,0.0022212774297439,SQUAMOUS
9216.98136770829,4.95036667020937,5892.46405551859,0.0021458694922613,SQUAMOUS
773.174666391401,5.8659169550173,316.651217596229,0.0035430272423558,SQUAMOUS
386.257568037597,6.60606060606061,101.405940594059,0.0083653887330643,OTHER
1024.11685560286,4.31747919143876,397.994282275053,0.0021802377800363,SQUAMOUS
2021.025345671,5.61285609934259,729.180717682663,0.0029995304388473,OTHER
2320.28707101236,6.93444328824141,1211.88553971487,0.0029531673743187,OTHER
4261.26303149788,5.59679215860994,2181.15639502506,0.0020636839239475,OTHER
1798.93833942605,3.93579072532699,634.224646367777,0.0035401990741396,SQUAMOUS
785.282809345659,6.19855358316897,325.723622047244,0.0041181383718019,OTHER
915.470128794356,5.4287109375,287.762258543834,0.003193565818087,OTHER
2670.00858414894,4.66,946.65314861461,0.0027484200936421,OTHER
